{"machine_id": "DM-003", "name": "Land Rover 2000", "location": {"latitude": 38.7749, "longitude": -104.909, "region": "San Diego Basin", "country": "USA"}, "status": "Active", "specifications": {"type": "Onshore", "depth_capacity_miles": 9.654, "drilling_speed_miles_per_day": 0.2, "crew_size": 22, "power_source": "Electric"}, "last_maintenance_date": "22/06/2024", "next_maintenance_due": "2025-01-03", "contact_information": {"operator_company": "Oceanic Drilling Inc.", "contact_person": "John Smith", "phone": "+1-555-123-4567", "email": "john.smith@oceanicdrilling.com"}}