{"machine_ID": "DM-05", "name": "Land Rover 500", "location": {"latitude": 37.88, "longitude": -107.9192, "region": "San Diego Basin", "country": "USA"}, "status": "Inactive", "specifications": {"type": "Onshore", "depth_capacity_meters": 8459.5, "drilling_speed_meters_per_day": 374, "crew_size": 20, "power_source": ["Electric", "Diesel"]}, "last_maintenance_date": "2024-07-19", "next_maintenance_due": "2025-01-19", "contact_information": {"operator_company": "Pacific Drilling Inc.", "contact_person": "Smith John", "phone": "+1-555-123-4567", "email": "john.smith@oceanicdrilling.com"}, "type": "C"}